{
  "project_info": {
    "project_number": "975822733387",
    "project_id": "meding-aldevmus",
    "storage_bucket": "meding-aldevmus.firebasestorage.app"
  },
  "client": [
    {
      "client_info": {
        "mobilesdk_app_id": "1:975822733387:android:41e7bd428ed0a8a45a0dce",
        "android_client_info": {
          "package_name": "com.meding.aldevmus"
        }
      },
      "oauth_client": [],
      "api_key": [
        {
          "current_key": "AIzaSyCbqYTNrN0JF1jo_mpgS1swpPdF6GaLQl0"
        }
      ],
      "services": {
        "appinvite_service": {
          "other_platform_oauth_client": []
        }
      }
    }
  ],
  "configuration_version": "1"
}